,Unnamed: 0,歌曲,歌曲链接,歌词
0,0,王牌冤家,https://music.163.com/song?id=862129612,芒果冰加了空气变成绿色像我们之间的脏话和情话都毫无规则如果说失去记忆就能忘记那我们失忆后又一见钟情又要怎么办杀了寂寞才能活饶了我你又难过原来路窄又相爱又说散原来相爱相杀真存在就是冤家忘了吧忘了忘了呗我们生死相随去到东南西北就是冤家忘了吧忘了忘了呗我们生死相随总会有人不对就是冤家忘了吧忘了忘了呗我承认我不对你承认你后悔就是冤家忘了吧忘了忘了呗就算撕心裂肺最后也是一对制人和声写和声师混师乐制助理青格乐室北京一样乐室混室北京一样乐室母带后期制人母带后期处理工程师周天澈母带后期处理室
1,1,念念又不忘,https://music.163.com/song?id=862130427,韩寒路过这个排挡只想喝一碗汤想起我们曾经来过这顿时不想喝汤不喝了转身等到呼吸正常我却跑跑跑起来怎么了怎么了我为什么会这样念念又不忘你用什么牌的箭刺穿我心脏我也久经沙场戎马生涯依然被一箭刺伤我为什么会这样念念又不忘你用什么牌的箭刺穿我心脏只是看见碗汤就一碗汤我却黯然神伤跑过逛的商场跑过吻的剧场跑过想去没去的地方城市卷起夕阳而你呢是否和我一样悲伤还是笑笑笑起来我更悲伤我为什么会这样念念又不忘你用什么牌的箭刺穿我心脏我也久经沙场戎马生涯依然被一箭刺伤我为什么会这样念念又不忘你用什么牌的箭刺穿我心脏只是看见碗汤就一碗汤我却我为什么会这样念念又不忘你说过的话让我好想要死亡只是看见碗汤就一碗汤我却黯然神伤制人贝斯鼓荒井十一和声写和声弦乐写弦乐国际首席爱乐乐团师混师室北京一样乐室混室北京一样乐室母带后期制人母带后期处理工程师周天澈母带后期处理室
2,2,贫穷或富有,https://music.163.com/song?id=1305547844,聊生活方式聊各种日子还有面包可以吃别人的想法只是个想法有好有坏又笨又傻都是这么想这么想这么想可以看起来不伟大却要善良要尝过时间给过的挫败才能够变得坦然都是这么想这么想这么想可以微笑着自弹自唱保持勇敢也许有一天能遇上几个能说话的伴贫穷的富有的都算制人贝斯鼓荒井十一师混师室北京一样乐室混室北京一样乐室母带后期制人母带后期处理工程师周天澈母带后期处理室
3,3,乐团,https://music.163.com/song?id=1318234981,手女朋友又漂亮又很瘦键盘手回头潇洒的对我说对我说来唱一段排练室的闷热闷出好几首歌都以为会红会火的那种歌呵呵呵我们的歌没有人喜欢我们的青春留在乐团写歌的时候几个人一起凑押不上韵的就当做是风格呵呵呵我们的歌没有人喜欢我们的青春留在乐团我们的歌有些人喜欢我们的青春留在乐团我们的歌是人都喜欢我们的青春留在乐团我们的歌成为了自传我们的名字是制人贝斯鼓荒井十一和声写和声师混师室北京一样乐室混室北京一样乐室母带后期制人母带后期处理工程师周天澈母带后期处理室
4,4,我知道是你,https://music.163.com/song?id=1318234982,熟到不能再熟的样子互相不了解出生入死有好几次我看不起你的暴躁心软没人感动你在感动什么随随便便就能激怒我当遇到挫折各种安慰都没有用我算一算冷静时没聊过也都明白聊过了也没用我知道是你还是了解我的我知道是你等着看我笑话我知道是你是你害的我跌宕波折原来你就是我谢谢你给我找的理由在春夏秋冬人前人后有一些好受死去活来终究没有答案生活原来就像单循环我知道是你还是了解我的我知道是你等着看我笑话我知道是你是你害的我跌宕波折原来你就是我我知道是我为了快活活该我拼了原来我还是我晚安吧我挚爱的所有制人贝斯鼓彦超和声写和声师混师室北京一样乐室混室北京一样乐室母带后期制人母带后期处理工程师周天澈母带后期处理室
5,5,耳朵,https://music.163.com/song?id=1318235595,郑宇界文炅谁的脚步近了谁的脚步远了我都竖起耳朵听着楼道里还是空空荡荡的我没听你倾诉没驱赶你孤独总是闭着耳朵直到心房里变得空空荡荡的所有的感官都要变迟钝茶饭不思呆呆的凝望着只有耳朵不听话了非要我听那首最爱的老歌所有的情绪都要变脆弱烂俗桥段眼睛却湿透了左右耳朵也埋怨着最近好像少了些什么最近少一个人好寂寞制人贝斯鼓荒井十一和声写和声弦乐写弦乐国际首席爱乐乐团长号谢燕辉小号何诚次中萨克斯风高太行师混师室北京一样乐室混室北京一样乐室母带后期制人母带后期处理工程师周天澈母带后期处理室
6,6,年少有为,https://music.163.com/song?id=1293886117,电视一直闪联络方式都还没删你待我的好我却错手毁掉也曾一起想有个地方睡觉吃饭可怎么去熬日夜颠倒连头款也凑不到墙板被我砸烂到现在还没修一碗热的粥你怕我没够都留一半带走给你形容美好今后你常常眼睛会红原来心疼我我那时候不懂假如我年少有为不自卑懂得什么是珍贵那些美梦没给你我一生有愧假如我年少有为知进退才不会让你替我受罪婚礼上多喝几杯和你现在那位假如我年少有为不自卑尝过后悔的滋味金钱地位搏到了却好想退回假如我年少有为知进退才不会让你替我受罪婚礼上多喝几杯和你现在那位在婚礼上多喝几杯祝我年少有为制人贝斯鼓和声写和声弦乐写弦乐国际首席爱乐乐团师混师室北京一样乐室混室北京一样乐室母带后期制人母带后期处理工程师周天澈母带后期处理室
7,7,成长之重量,https://music.163.com/song?id=570334069,天亮了还是睡不安想了很久妈妈讲要经过大川翻几座山要不平凡好像很难有时候被俗人批判很难接受有时候朋友背后说我像小丑假装路过一笑而过算了忘了淡了这些吧又没什么好怕这不就是我吗难道认了怂了说了那些话只为了讨好那不就错了吗好了好了好了这样吧天也就那么大我又不是不敢闯荡几年大不了哭个几晚成长之重量无法计算太多难忘这条路好长去的地方有诗和理想昨天留下的一滩泪和汗造就现在的我越倔强越勇敢成长之重量丢了狂妄学会承担故事的反转别太简单我要成就感不就是一场激烈的流浪嘛解开身上的衬衫迎着夕阳我从不曾回头望因为不想制人贝斯鼓彦超和写和师青格乐混师曹飞乐制助理青格乐工室北京一样乐室混工室北京一样乐室母带后期制人母带后期处理工程师周天澈母带后期处理室
8,8,张家明和婉君,https://music.163.com/song?id=1309866644,头发吹干扎一道弯水喝一半要我帮你喝完篱笆红杉背你去看黄昏河畔手留给你挽傻笑是你对我多好我知道是你让我知道那种好是有过去可聊是你睡着拉着我衣角男孩呆呆的想了一下啥也不懂感受那抱的紧紧的动女孩眨眨眼笑了一下让人心疼还说昨天做的梦里有我有我还说昨天做的梦里有我雨刚停下泥土清香地久天长就会变成对方牛仔布料的情侣衫给我裤管卷两褶好看男孩在沙发赖着女孩翻书走过制人贝斯和声写和声师混师室北京一样乐室混室北京一样乐室母带后期制人母带后期处理工程师周天澈母带后期处理室
9,9,贝贝,https://music.163.com/song?id=1318234987,贝贝制人和声写和声师混师室北京一样乐室混室北京一样乐室母带后期制人母带后期处理工程师周天澈母带后期处理室
10,10,嗯,https://music.163.com/song?id=519250016,动漫乐娘制人贝斯和声写和声师曹飞混师乐制助理杜以丞室北京一样乐室混室北京一样乐室母带后期制人母带后期处理工程师母带后期处理室有一种人类没有兄弟姐妹刚走进社会人得罪一堆发型里的另类贫穷却有品味谁也学不会不喜欢纹身龙凤系列为一个爱的人去流血也许高尚的人不理解怀旧热泪和重口味少一个都不对嗯嗯嗯嗯刚过十八岁嗯嗯嗯嗯所以你不配嗯嗯嗯嗯刚过十八岁嗯嗯嗯嗯嗯嗯嗯嗯嗯嗯嗯嗯嗯刚过十八岁嗯嗯嗯嗯所以我不配嗯嗯嗯嗯刚过十八岁嗯嗯嗯嗯嗯嗯嗯嗯嗯崇拜的人物是个大人物上山打过鼓下山打过虎最不害怕吃苦拒绝一切认输从来都不服不喜欢纹身龙凤系列为一个爱的人去流血也许高尚的人不理解怀旧热泪和重口味少一个都不对嗯嗯嗯嗯刚过十八岁嗯嗯嗯嗯所以你不配嗯嗯嗯嗯刚过十八岁嗯嗯嗯嗯嗯嗯嗯嗯嗯嗯嗯嗯嗯刚过十八岁嗯嗯嗯嗯所以我不配嗯嗯嗯嗯刚过十八岁嗯嗯嗯嗯嗯嗯嗯嗯嗯嗯嗯嗯嗯刚过十八岁嗯嗯嗯嗯所以你不配嗯嗯嗯嗯刚过十八岁嗯嗯嗯嗯嗯嗯嗯嗯嗯嗯嗯嗯嗯刚过十八岁嗯嗯嗯嗯所以我不配嗯嗯嗯嗯刚过十八岁嗯嗯嗯嗯嗯嗯嗯嗯嗯
11,11,就这样,https://music.163.com/song?id=519250017,动漫乐娘施人诚制人贝斯鼓龙江弦乐写弦乐国际首席爱乐乐团和声写和声师单为明混师曹飞乐制助理杜以丞室北京一样乐室室混室北京一样乐室母带后期制人母带后期处理工程师母带后期处理室一样乐工室酷亚乐深圳有限公司酷亚乐股份有限公司不忍看你像个嫌犯我就不再追问答案你的沉默已经回答够直接了当是我太常让你失望不够贴心包容温暖才会落得这个下场和背叛无关就这样就这样你不用不自然你也不要说需要我原谅别让我多想就这样就这样怕真相太难看我想对爱情还抱有希望我们俩就这样以为能够功德圆满最后勉强好聚好散一段感情这样收场你也会遗憾就这样就这样你不用不自然你也不要说需要我原谅别让我多想就这样就这样怕真相太难看我想对爱情还抱有希望反正你也没差就这样就这样怕真相太难看我想对爱情还抱有希望我们俩就这样
12,12,裙姊,https://music.163.com/song?id=519250018,动漫乐娘黄伟文制人贝斯和声写和声荒井十一杜以丞师曹飞混师乐制助理杜以丞室北京一样乐室混室北京一样乐室母带后期制人母带后期处理工程师母带后期处理室仰着头楚歌中殉情开了口醉倒百花亭爱妾挥舞宝剑剧情缠绵刺到你的心贵妃先干为敬让人好动情巷弄的墙壁和洋车灯亮着梳洗着粉墨谁的惊天爱情为老百姓补充了娱乐谁有街头巷尾传奇的资格古今中外只有一个先生唱的戏深厚的功底用一套青衣创一个世纪先生唱的戏现在和过去传统的东西是一种鼓励免不了英雄和情人一小折净丑末旦生那时候那个文艺少年后来成为了神结合霸气灵魂优雅的肉身台下求之不得几万人先生唱的戏深厚的功底用一套青衣创一个世纪先生唱的戏现在和过去传统的东西是一种鼓励先生唱的戏教我们道理艺术的派系不能分高低先生唱的戏身段要有力故事的结局泪洒过几滴先生唱的戏
13,13,歌谣,https://music.163.com/song?id=519250019,动漫乐娘制人贝斯鼓荒井十一和声写和声师曹飞混师曹飞乐制助理杜以丞室北京一样乐室混室北京一样乐室母带后期制人母带后期处理工程师母带后期处理室站台渐渐远去刚好下起了小雨爸妈嘱咐几句要好好照顾自己六点半的火车上一口没喝的豆浆行箱牵挂的重量经过了一段段努力打拼的日子跌倒过很多次没有放弃这回事小时候大人爱讲外面的天有多大有一天我也要去闯流泪和流汗我不怕家乡那儿的歌谣对我来讲是种依靠陪伴我多少次艰难彩虹多绚烂绚烂的多平凡画面里那样的好看家乡那儿的歌谣对我来讲是一种好是我最顽强的一角每一次我感到沮丧就唱起歌谣这样就会看到原来的模样经过了一段段努力打拼的日子跌倒过很多次没有放弃这回事小时候大人爱讲外面的天有多大有一天我也要去闯流泪和流汗我不怕家乡那儿的歌谣对我来讲是种依靠陪伴我多少次艰难彩虹多绚烂绚烂的多平凡画面里那样的好看家乡那儿的歌谣对我来讲是一种好是我最顽强的一角每一次我感到沮丧就唱起歌谣这样就会看到原来的模样每一次我感到沮丧就唱起歌谣这样就会看到原来的模样这样就会回到我来的地方
14,14,我看着你的时候,https://music.163.com/song?id=519250020,动漫乐娘制人贝斯打击乐荒井十一和声写和声师单为明混师曹飞乐制助理杜以丞室北京一样乐室混室北京一样乐室母带后期制人母带后期处理工程师母带后期处理室刚有一阵微风吹过来觉得好凉快树枝刚好被吹了一下沙沙的对白躺在树下给你解答天上的星星哪颗最像最亮每个晴天的下午我们都去那看书邻居家后院的河边等日落和日出刚摘的苹果吃了一口青涩的好像手牵着手站着我看着你的时候能感受你的温柔你头发挽着耳朵嘟嘴回忆很久一整个夏天的周末你坐我骑的车说好还没去过的地方还好多我看着你的时候你笑着笑着睡了窗外面安静的像诗里面的段落那些最浪漫最折你哭着说你舍不得你这个样子让我真的好喜欢每个晴天的下午我们都去那看书邻居家后院的河边等日落和日出刚摘的苹果吃了一口青涩的好像手牵着手站着我看着你的时候能感受你的温柔你头发挽着耳朵嘟嘴回忆很久一整个夏天的周末你坐我骑的车说好还没去过的地方还好多我看着你的时候你笑着笑着睡了窗外面安静的像诗里面的段落那些最浪漫最折你哭着说你舍不得你这个样子让我真的好喜欢那些最浪漫最折你说你舍不得你这个样子让我真的好喜欢
15,15,祝你幸福,https://music.163.com/song?id=519250021,动漫乐娘制人贝斯鼓荒井十一弦乐写弦乐国际首席爱乐乐团和声写和声师单为明混师曹飞乐制助理杜以丞室北京一样乐室室混室北京一样乐室母带后期制人母带后期处理工程师母带后期处理室花早春开的花也曾摘下过几芽就放在口袋边上夏那一年盛夏抖落鞋里进的沙合影都有些泛黄昨夜不知不觉落叶落下秋天像童话那天有个女孩对着电话你还爱我吗在一旁很久很久的立冬的早上爱情信誓旦旦的悲伤现在开始唱祝你幸福忽然忽然感动的哭哼出来的符手的温度跳过那支舞祝你幸福钢琴演奏所有感触回忆一幕一幕十级目是一封情书夏那一年盛夏抖落鞋里进的沙合影都有些泛黄昨夜不知不觉落叶落下秋天像童话那天有个女孩对着电话你还爱我吗在一旁很久很久的立冬的早上爱情信誓旦旦的悲伤现在开始唱祝你幸福忽然忽然感动的哭哼出来的符手的温度跳过那支舞祝你幸福钢琴演奏所有感触回忆一幕一幕十级目是一封情书告别的温度暴风雨的孤独节奏太无助拖慢了脚步当初再美好都成为当初哼出来的唱不完的祝你幸福忽然忽然感动的哭哼出来的符手的温度还记得一起跳过的那支舞终于说了祝你幸福我在演奏所有感触回忆一幕一幕十级的目是一封情书
16,16,后羿,https://music.163.com/song?id=519250022,动漫乐娘苗柏杨制人贝斯和声写和声杜以丞周品师杜以丞混师乐制助理杜以丞室北京一样乐室混室北京一样乐室母带后期制人母带后期处理工程师母带后期处理室茫茫时空蔚蓝星球埋藏过往一段一轮明月照出的是光明和呐喊太阳光辉背后藏着深不见底的黑暗无穷的力量掩盖的是可笑的背叛英雄只能百发百中冲破魔道机关一意孤行目空一切谁又敢阻拦直到金乌出手悲鸣唱响日之塔前川苏醒了猎杀时刻在花盛开的夜晚后羿出手不简单后羿掀起了波澜后羿回过身射穿世界的批判后羿箭法的精湛后羿不懂得心软后羿正浴血奋战怕什么遗憾王者是后羿的图案茫茫时空蔚蓝星球埋藏过往一段一轮明月照出的是光明和呐喊太阳光辉背后藏着深不见底的黑暗无穷的力量掩盖的是可笑的背叛英雄只能百发百中冲破魔道机关一意孤行目空一切谁又敢阻拦直到金乌出手悲鸣唱响日之塔前川苏醒了猎杀时刻在花盛开的夜晚后羿出手不简单后羿掀起了波澜后羿回过身射穿世界的批判后羿箭法的精湛后羿不懂得心软后羿正浴血奋战怕什么遗憾后羿出手不简单后羿掀起了波澜后羿回过身射穿世界的批判后羿箭法的精湛后羿不懂得心软后羿正浴血奋战怕什么遗憾王者是后羿的图案
17,17,戒烟,https://music.163.com/song?id=519250023,动漫乐娘制人贝斯鼓一丁弦乐写弦乐国际首席爱乐乐团和声写和声师单为明混师曹飞乐制助理杜以丞室北京一样乐室混室北京一样乐室母带后期制人母带后期处理工程师母带后期处理室已经为了变的更好去掉锋芒一不小心成了你的倾诉对象电话约在从前约会的地方要陪你唱歌吃饭我结账保持优良习惯你说最近过的还算幸福美满喝了几杯唱了几段你却哭了想去安慰却不知什么立场听你说话看你哭湿头发我得到了惩罚戒了烟我不习惯没有你我怎么办三年零一个礼拜才学会怎么忍耐你给过我的伤害是没有一句责怪戒了烟染上悲伤我也不想你说最近过的还算幸福美满喝了几杯唱了几段你却哭了想去安慰却不知什么立场听你说话看你哭湿头发我得到了惩罚戒了烟我不习惯没有你我怎么办三年零一个礼拜才学会怎么忍耐你给过我的伤害是没有一句责怪戒了烟染上悲伤我也不想我也不想谁也不想戒了烟我不习惯没有你我怎么办三年零一个礼拜才学会怎么忍耐你给过我的伤害是没有一句责怪戒了烟染上悲伤我也不想
18,18,少年,https://music.163.com/song?id=519250024,像我这样冷酷的耿直你就像是森林和大海就像小鸟和蚂蚁一样少年啊你好吗去吧去蓝天白云下趁着不害怕选条路出发不要回头望趁着少年郎不要觉得你不够无价越纯洁越是一种强大少年啊你好吗走吧去看世界的美好趁着不害怕选条路出发不要回头望趁着少年郎也许你会犯所有人都犯的错也许你会为一些人受些折磨也许你遭遇一万五千种可能人生就是人生啦啦啦啦啦啦啦啦啦啦啦啦啦啦啦啦啦啦啦啦啦啦啦啦啦啦啦啦啦啦啦啦啦啦啦啦啦啦啦啦啦啦啦啦啦啦啦啦啦啦啦啦啦啦啦啦啦啦啦啦啦啦啦啦啦啦啦啦啦啦啦啦啦啦啦啦啦啦啦啦制人贝斯鼓荒井十一弦乐和声写和声师曹飞混师乐制助理杜以丞室混室北京一样乐室母带后期制人母带后期处理工程师母带后期处理室
19,19,不说 (路过版),https://music.163.com/song?id=519250025,动漫乐娘黄伟文制人贝斯鼓荒井十一弦乐写和声写和声师曹飞混师乐制助理杜以丞室北京一样乐室混室北京一样乐室母带后期制人母带后期处理工程师母带后期处理室一样乐工室酷亚乐深圳有限公司酷亚乐股份有限公司为了什么男人的冰箱总放着甜点为了什么新娘都没有为婚礼存钱怕你突然出现为了什么有过去的人会相信明天为了什么该哭的场面还亮出笑脸还当分手是种锻炼我不是不伤不痛不难过我只是不美不好都不说人说心如刀割钻石要琢磨感谢那些人擦过刮过帮我苦难修成正果品尝过的失落消化成温暖情歌等着你伤心时候点播我好像没心没肺话很多我只是不满不足都不说人说心如刀割钻石要琢磨感谢那些人擦过刮过生活才有更美轮廓干了每滴寂寞进化成更好的我等着你在我世界路过人说心如刀割钻石要琢磨感谢那些人擦过刮过生活才有更美轮廓干了每滴寂寞进化成更好的我等着你在我世界路过
20,20,戒烟,https://music.163.com/song?id=518686034,已经为了变的更好去掉锋芒一不小心成了你的倾诉对象电话约在从前约会的地方要陪你唱歌吃饭我结账保持优良习惯你说最近过的还算幸福美满喝了几杯唱了几段你却哭了想去安慰却不知什么立场听你说话看你哭湿头发我得到了惩罚戒了烟我不习惯没有你我怎么办三年零一个礼拜才学会怎么忍耐你给过我的伤害是没有一句责怪戒了烟染上悲伤我也不想你说最近过的还算幸福美满喝了几杯唱了几段你却哭了想去安慰却不知什么立场听你说话看你哭湿头发我得到了惩罚戒了烟我不习惯没有你我怎么办三年零一个礼拜才学会怎么忍耐你给过我的伤害是没有一句责怪戒了烟染上悲伤我也不想我也不想谁也不想戒了烟我不习惯没有你我怎么办三年零一个礼拜才学会怎么忍耐你给过我的伤害是没有一句责怪戒了烟染上悲伤我也不想制人贝斯鼓一丁弦乐写弦乐国际首席爱乐乐团和声写和声师单为明混师曹飞乐制助理杜以丞室北京一样乐室混室北京一样乐室母带后期制人母带后期处理工程师母带后期处理室
21,21,后羿,https://music.163.com/song?id=515143802,立酱苗柏杨茫茫时空蔚蓝星球埋藏过往一段一轮明月照出的是光明和呐喊太阳光辉背后藏着深不见底的黑暗无穷的力量掩盖的是可笑的背叛英雄只能百发百中冲破魔道机关一意孤行目空一切谁又敢阻拦直到金乌出手悲鸣唱响日之塔前川苏醒了猎杀时刻在花盛开的夜晚后羿出手不简单后羿掀起了波澜后羿回过身射穿世界的批判后羿箭法的精湛后羿不懂得心软后羿正浴血奋战怕什么遗憾王者是后羿的图案茫茫时空蔚蓝星球埋藏过往一段一轮明月照出的是光明和呐喊太阳光辉背后藏着深不见底的黑暗无穷的力量掩盖的是可笑的背叛英雄只能百发百中冲破魔道机关一意孤行目空一切谁又敢阻拦直到金乌出手悲鸣唱响日之塔前川苏醒了猎杀时刻在花盛开的夜晚后羿出手不简单后羿掀起了波澜后羿回过身射穿世界的批判后羿箭法的精湛后羿不懂得心软后羿正浴血奋战怕什么遗憾后羿出手不简单后羿掀起了波澜后羿回过身射穿世界的批判后羿箭法的精湛后羿不懂得心软后羿正浴血奋战怕什么遗憾王者是后羿的图案制人贝斯和声写和声杜以丞周晶师杜以丞混师乐制助理杜以丞室北京一样乐室混室北京一样乐室母带后期制人母带后期处理工程师母带后期处理室
22,22,祝你幸福,https://music.163.com/song?id=511920347,花早春开的花也曾摘下过几芽就放在口袋边上夏那一年盛夏抖落鞋里进的沙合影都有些泛黄昨夜不知不觉落叶落下秋天像童话那天有个女孩对着电话你还爱我吗在一旁很久很久的立冬的早上爱情信誓旦旦的悲伤现在开始唱祝你幸福忽然忽然感动的哭哼出来的符手的温度跳过那支舞祝你幸福钢琴演奏所有感触回忆一幕一幕十级目是一封情书夏那一年盛夏抖落鞋里进的沙合影都有些泛黄昨夜不知不觉落叶落下秋天像童话那天有个女孩对着电话你还爱我吗在一旁很久很久的立冬的早上爱情信誓旦旦的悲伤现在开始唱祝你幸福忽然忽然感动的哭哼出来的符手的温度跳过那支舞祝你幸福钢琴演奏所有感触回忆一幕一幕十级目是一封情书告别的温度暴风雨的孤独节奏太无助拖慢了脚步当初再美好都成为当初哼出来的唱不完的祝你幸福忽然忽然感动的哭哼出来的符手的温度还记得一起跳过的那支舞终于说了祝你幸福我在演奏所有感触回忆一幕一幕十级的目是一封情书制人贝斯鼓荒井十一弦乐写弦乐国际首席爱乐乐团和声写和声师单为明混师曹飞乐制助理杜以丞室北京一样乐室室混室北京一样乐室母带后期制人母带后期处理工程师母带后期处理室
23,23,我看着你的时候,https://music.163.com/song?id=506092654,刚有一阵微风吹过来觉得好凉快树枝刚好被吹了一下沙沙的对白躺在树下给你解答天上的星星哪颗最像最亮每个晴天的下午我们都去那看书邻居家后院的河边等日落和日出刚摘的苹果吃了一口青涩的好像手牵着手站着我看着你的时候能感受你的温柔你头发挽着耳朵嘟嘴回忆很久一整个夏天的周末你坐我骑的车说好还没去过的地方还好多我看着你的时候你笑着笑着睡了窗外面安静的像诗里面的段落那些最浪漫最折你哭着说你舍不得你这个样子让我真的好喜欢每个晴天的下午我们都去那看书邻居家后院的河边等日落和日出刚摘的苹果吃了一口青涩的好像手牵着手站着我看着你的时候能感受你的温柔你头发挽着耳朵嘟嘴回忆很久一整个夏天的周末你坐我骑的车说好还没去过的地方还好多我看着你的时候你笑着笑着睡了窗外面安静的像诗里面的段落那些最浪漫最折你哭着说你舍不得你这个样子让我真的好喜欢那些最浪漫最折你说你舍不得你这个样子让我真的好喜欢制人贝斯打击乐荒井十一和声写和声师单为明混师曹飞乐制助理杜以丞室北京一样乐室混室北京一样乐室母带后期制人母带后期处理工程师母带后期处理室
24,24,歌谣,https://music.163.com/song?id=502242110,站台渐渐远去刚好下起了小雨爸妈嘱咐几句要好好照顾自己六点半的火车上一口没喝的豆浆行箱牵挂的重量经过了一段段努力打拼的日子跌倒过很多次没有放弃这回事小时候大人爱讲外面的天有多大有一天我也要去闯流泪和流汗我不怕家乡那儿的歌谣对我来讲是种依靠陪伴我多少次艰难彩虹多绚烂绚烂的多平凡画面里那样的好看家乡那儿的歌谣对我来讲是一种好是我最顽强的一角每一次我感到沮丧就唱起歌谣这样就会看到原来的模样经过了一段段努力打拼的日子跌倒过很多次没有放弃这回事小时候大人爱讲外面的天有多大有一天我也要去闯流泪和流汗我不怕家乡那儿的歌谣对我来讲是种依靠陪伴我多少次艰难彩虹多绚烂绚烂的多平凡画面里那样的好看家乡那儿的歌谣对我来讲是一种好是我最顽强的一角每一次我感到沮丧就唱起歌谣这样就会看到原来的模样每一次我感到沮丧就唱起歌谣这样就会看到原来的模样这样就会回到我来的地方
25,25,裙姊,https://music.163.com/song?id=493631465,黄伟文制人贝斯和声写和声荒井十一杜以丞师曹飞混师乐制助理杜以丞室北京一样乐室混室北京一样乐室母带后期制人母带后期处理工程师母带后期处理室仰着头楚歌中殉情开了口醉倒百花亭爱妾挥舞宝剑剧情缠绵刺到你的心贵妃先干为敬让人好动情巷弄的墙壁和洋车灯亮着梳洗着粉墨谁的惊天爱情为老百姓补充了娱乐谁有街头巷尾传奇的资格古今中外只有一个先生唱的戏深厚的功底用一套青衣创一个世纪先生唱的戏现在和过去传统的东西是一种鼓励免不了英雄和情人一小折净丑末旦生那时候那个文艺少年后来成为了神结合霸气灵魂优雅的肉身台下求之不得几万人先生唱的戏深厚的功底用一套青衣创一个世纪先生唱的戏现在和过去传统的东西是一种鼓励先生唱的戏教我们道理艺术的派系不能分高低先生唱的戏身段要有力故事的结局泪洒过几滴先生唱的戏
26,26,就这样,https://music.163.com/song?id=486323960,施人诚不忍看你像个嫌犯我就不再追问答案你的沉默已经回答够直接了当是我太常让你失望不够贴心包容温暖才会落得这个下场和背叛无关就这样就这样你不用不自然你也不要说需要我原谅别让我多想就这样就这样怕真相太难看我想对爱情还抱有希望我们俩就这样以为能够功德圆满最后勉强好聚好散一段感情这样收场你也会遗憾就这样就这样你不用不自然你也不要说需要我原谅别让我多想就这样就这样怕真相太难看我想对爱情还抱有希望反正你也没差就这样就这样怕真相太难看我想对爱情还抱有希望我们俩就这样
27,27,嗯,https://music.163.com/song?id=479223381,有一种人类没有兄弟姐妹刚走进社会人得罪一堆发型里的另类贫穷却有品味谁也学不会不喜欢纹身龙凤系列为一个爱的人去流血也许高尚的人不理解怀旧热泪和重口味少一个都不对嗯嗯嗯嗯刚过十八岁嗯嗯嗯嗯所以你不配嗯嗯嗯嗯刚过十八岁嗯嗯嗯嗯嗯嗯嗯嗯嗯嗯嗯嗯嗯刚过十八岁嗯嗯嗯嗯所以我不配嗯嗯嗯嗯刚过十八岁嗯嗯嗯嗯嗯嗯嗯嗯嗯崇拜的人物是个大人物上山打过鼓下山打过虎最不害怕吃苦拒绝一切认输从来都不服不喜欢纹身龙凤系列为一个爱的人去流血也许高尚的人不理解怀旧热泪和重口味少一个都不对嗯嗯嗯嗯刚过十八岁嗯嗯嗯嗯所以你不配嗯嗯嗯嗯刚过十八岁嗯嗯嗯嗯嗯嗯嗯嗯嗯嗯嗯嗯嗯刚过十八岁嗯嗯嗯嗯所以我不配嗯嗯嗯嗯刚过十八岁嗯嗯嗯嗯嗯嗯嗯嗯嗯
28,28,不说,https://music.163.com/song?id=428375722,黄伟文为了什么男人的冰箱总放着甜点为了什么新娘都没有为婚礼存钱怕你突然出现为了什么有过去的人会相信明天为了什么该哭的场面还亮出笑脸还当分手是种锻炼我不是不伤不痛不难过我只是不美不好都不说人说心如刀割钻石要琢磨感谢那些人擦过刮过帮我苦难修成正果品尝过的失落消化成温暖情歌等着你伤心时候点播我好像没心没肺话很多我只是不满不足都不说人说心如刀割钻石要琢磨感谢那些人擦过刮过生活才有更美轮廓干了每滴寂寞进化成更好的我等着你在我世界路过人说心如刀割钻石要琢磨感谢那些人擦过刮过生活才有更美轮廓干了每滴寂寞进化成更好的我等着你在我世界路过
29,29,野生动物,https://music.163.com/song?id=407450219,野生动物野生动物黄伟文欲望的魔都高冷的建筑你像个蝙蝠划过成一道弧万千个窗户半开着盼顾看谁的饥渴谁又先管不住等待着追捕等待被追捕寂寞的爪牙每夜的节目粉身碎骨你以毒攻毒在爱情面前我们都不服一直为幸福辛苦倒不如做野生动物你把谁你让谁抓住驯服有多兴奋一吻也结束所谓的深爱或孤独不过是激素原始的投入凶猛的输出你开始怀疑爱对谁有好处快乐地为奴卑下地做主为什么到最后都在地上哭骄傲的老虎多情的驯鹿冷血的猎人标本放满屋我们又何故清白都玷污只为几方寸微暖的皮肤一直为幸福辛苦倒不如做野生动物你把谁你让谁抓住驯服有多兴奋一吻也结束所谓的深爱或孤独不过是激素重复着重复着抓住驯服有多兴奋一吻也结束所谓的陷阱和归宿早血肉模糊
30,30,满座,https://music.163.com/song?id=407450221,满座满座擦掉桌面上积下的灰对是非也没多说几嘴都以为看懂了真伪能把握发火和颓废年轻再疯狂都不为过出走几次也有处可躲带着自卑讨着生活庆幸没有无事可做要跟自己认错话不多一句就忐忑一手操办落魄理想没破有时候也渴望停泊在一个住所一生未必会满座都曾经来过闭着眼的床很暖和被几首歌勒索忍不住泪想过很多一生未必会满座看惯了离合今日碰面都不摆手昨天情合意投人生应该有的蹉跎我们向右偏左的坠落琢磨着寻求自我连带爱人亲友你我都包括年轻再疯狂都不为过出走几次也有处可躲带着自卑讨着生活庆幸没有无事可做要跟自己认错话不多一句就忐忑一手操办落魄理想没破有时候也渴望停泊在一个住所一生未必会满座都曾经来过闭着眼的床很暖和被几首歌勒索忍不住泪想过很多一生未必会满座看惯了离合今日碰面都不摆手昨天情合意投人生应该有的蹉跎我们向右偏左的坠落琢磨着寻求自我连带爱人亲友你我都包括一生未必会满座都曾经来过闭着眼的床很暖和被几首歌勒索忍不住泪想过很多一生未必会满座看惯了离合今日碰面都不摆手昨天情合意投人生应该有的蹉跎我们向右偏左的坠落琢磨着寻求自我连带爱人亲友你我都包括
31,31,有理想,https://music.163.com/song?id=407450218,有理想太理智的消费对不对成夜不睡没一句说的对也很对这个年岁有爱的人不追还斗嘴显得般配有时也为自己感到惭愧穿的也不算贵黑白灰尽量自费被自己往里推动动嘴也能后退总会被动吃亏不防备深知有罪我现在要开始表现伤悲和承认理亏人文和法规其实都算是有理想啊都是废寝食忘啊有深度有主张啊难免会累会慌难免也会迷茫太理智的消费对不对成夜不睡没一句说的对也很对这个年岁有爱的人不追还斗嘴显得般配有时也为自己感到惭愧穿的也不算贵黑白灰尽量自费被自己往里推动动嘴也能后退总会被动吃亏不防备深知有罪我现在要开始表现伤悲和承认理亏人文和法规其实都算是有理想啊都是废寝食忘啊有深度有主张啊难免会累会慌难免也会迷茫其实都算是有理想啊都是废寝食忘啊有深度有主张啊难免会累会慌难免也会迷茫其实都算是有理想啊都是废寝食忘啊有深度有主张啊难免会累会慌难免也会迷茫其实都算是有理想啊都是废寝食忘啊有深度有主张啊难免会累会慌难免也会迷茫其实都算是有理想啊
32,32,爸爸妈妈,https://music.163.com/song?id=407450223,爸爸媽媽我曾经很想知道同样的话要说多少次才好那些再三强调的老套长大了才知道是不是需要很少主动拥抱就算为了自豪腼腆的笑要强而又低调穿的布料我赠送的外套过时也不丢掉还是一样太多理所应当让人觉得平常不算太小的房冬暖夏凉的那间放着我的床歌颂这种平凡一两句唱不完恩重如山听起来不自然回头去看这是说了谢谢反而才亏欠的情感爸爸妈妈给我的不少不多足够我在这年代奔波足够我生活年少的轻狂不能用来挥霍也曾像朋友一样和我诉说爸爸妈妈总说经历的坎坷是度过青春的快乐这时候这个季节又想起了这首歌还是一样太多理所应当让人觉得平常不算太小的房冬暖夏凉的那间放着我的床歌颂这种平凡一两句唱不完恩重如山听起来不自然回头去看这是说了谢谢反而才亏欠的情感爸爸妈妈给我的不少不多足够我在这年代奔波足够我生活年少的轻狂不能用来挥霍也曾像朋友一样和我诉说爸爸妈妈总说经历的坎坷是度过青春的快乐这时候这个季节又想起了这首歌爸爸妈妈给我的不少不多足够我在这年代奔波足够我生活年少的轻狂不能用来挥霍也曾像朋友一样和我诉说爸爸妈妈总说经历的坎坷是度过青春的快乐这时候这个季节又想起了这首歌
33,33,流行歌曲,https://music.163.com/song?id=407459148,流行歌我听说对不起也算是个约定能不能在一起都没关系严格来说是小时候口头上是男女朋友送你到你家巷口什么都没说是因为牵着手想不起来什么原因很常见的各奔东西后来就很少联系就成了结局写成流行歌我听说谢谢你会让泪流不停不适合的年纪都给彼此鼓励我听说对不起也算是个约定能不能在一起都没关系严格来说是小时候口头上是男女朋友送你到你家巷口什么都没说是因为牵着手想不起来什么原因很常见的各奔东西后来就很少联系就成了结局写成流行歌写成流行歌我听说谢谢你会让泪流不停不适合的年纪都给彼此鼓励我听说对不起也算是个约定能不能在一起都没关系我听说了消息嫁的人好爱你人人都有几句流行歌
34,34,优点,https://music.163.com/song?id=407459145,優點優點反正也经过反正没人再罗嗦选个人多的场合换上一件从没穿过的夹克喝太多是知道稍后会难过路人怎么这样看我又不是都没有过可能我有病本来就不该担心搞不清什么关系有时候像知己有时像亲戚我不信别人说这才是感情要么刻骨要么铭心这方面我不算太聪明爱情的优点是我的缺陷没做好准备全都被浪费伤的再直接我也可以背用了好几年换一两天伤悲太迷恋还不如道别说话的口吻故意留一点陌生像是旧时的情人这种方式太笨难掌握分寸看们终成眷属都很感人我们还在营造气氛还在争论几年前的梗爱情的优点是我的缺陷没做好准备全都被浪费伤的再直接我也可以背用了好几年换一两天伤悲太迷恋还不如道别爱情的优点是我的缺陷没做好准备全都被浪费伤的再直接我也可以背用了好几年换一两天伤悲太迷恋还不如道别
35,35,不将就,https://music.163.com/song?id=407450222,黄伟文和声鼓荒井壮一郎弦乐国际首席爱乐乐团弦乐写陈迪混室一样乐工室混师曹飞乐监制乐视乐那时候我以为爱的是生活也算懂得什么适合什么不可最近还是一样努力着配合你的性格你的追求者你的坎坷我开的车算一算虚度了多少个年头仿佛足够写一套错爱的春秋如果以后你还想为谁浪费美好时候眼泪只能在我的胸膛毫无保留互相折磨到白头悲伤坚决不放手开始纠缠之后才又被人放大了自由你的暴烈太温柔感情又痛又享受如果我说不吻你不罢休谁能逼我将就你问我为什么顽固而专一天下太大总有人比你更合适其实我觉得这样不值可没选择方式你一出场别人都显得不过如此互相折磨到白头悲伤坚决不放手开始纠缠之后才又被人放大了自由你的暴烈太温柔感情又痛又享受如果我说不吻你不罢休谁能逼我将就互相折磨到白头悲伤坚决不放手开始纠缠之后才又被人放大了自由你的暴烈太温柔感情又痛又享受如果我说不吻你不罢休谁能逼我将就们不过将就
36,36,心里面,https://music.163.com/song?id=407459146,心裡面心裡面选好了座位隔壁那间要多完美就多完美想要散步的闲想拥抱的表现多久没有见面约会以往这时间没有你陪不想去过道那儿抽烟刚刚点的那杯确实有苦有甜我想我们都能体会过了今天才是明天住的地点下起了雪最平常不过的冬天面对面睡过了今天才是明天写的留言不是挂念是没什么赞美航班正往北飞是你不在身边在心里面以往这时间没有你陪不想去过道那儿抽烟刚刚点的那杯确实有苦有甜我想我们都能体会过了今天才是明天住的地点下起了雪最平常不过的冬天面对面睡过了今天才是明天写的留言不是挂念是没什么赞美航班正往北飞是你不在身边在心里面心里面是没什么赞美航班正往北飞是你不在身边在心里面
37,37,女孩,https://music.163.com/song?id=407459147,女孩女孩葛大为青春期的玩伴天空是那种蓝要成熟很简单也只不过就是习惯把长头发剪短变得懂事善良不可爱决了心要分开偶尔又想起来并不是爱不爱可能是最近有孤单有年纪有周遭想白头偕老对一个人好来一个一直会陪伴自己的坚强来一个得而复失哭完的微笑有几次承诺像胡闹拥抱像监牢谁的美丽谁自己都知道都知道尝过几次心酸酸的刻骨明白再努力的装扮还是个越来越平凡人群中找温暖却自信满满标准另一半来一个一直会陪伴自己的坚强来一个得而复失哭完的微笑有几次承诺像胡闹拥抱像监牢谁的美丽谁自己都知道该不该都忘掉一开始多美好女孩的伤感和味道来一个一辈子陪伴自己的倔强来一个失而复得都不想再逃幸福吗都说不知道怎么样都好有天有个人肩膀可以靠
38,38,宛若新生,https://music.163.com/song?id=407450220,宛若新生倩碧广告主题宛若新生怎样创造的话题按下了岁月暂停繁忙也算个生命更新换代的美丽还好还有些自信还好还有个曾经二十五岁的风景有人唱给你听未来的人的步调过去的好的微笑一个人会太无聊两个人又太奇妙好像没什么烦恼比现在还要更好毕竟不是颗小草没花儿香没树高宛若新生的五光十色要发光发热年轻的宛若新生的常被激活朝气太蓬勃太炙热未来的人的步调过去的好的微笑一个人会太无聊两个人又太奇妙好像没什么烦恼比现在还要更好毕竟不是颗小草没花儿香没树高宛若新生的五光十色要发光发热年轻的宛若新生的常被激活朝气太蓬勃太炙热宛若新生的五光十色要发光发热年轻的宛若新生的常被激活朝气太蓬勃太炙热宛若新生的是你是我有没有姿色有资格宛若新生的才是风格宛若新生的是独特宛若新生的是你是我有没有姿色有资格宛若新生的才是风格宛若新生的是独特
39,39,大太阳,https://music.163.com/song?id=407459149,大太陽花草树木和她的衣裳空气清新让人好舒畅放学后的球场欢笑的对方照常那样午餐清汤电影观后感文艺日记新的白衬衫天太热会流汗太冷会伤感忘掉预告大太阳有希望有歌唱的地方大太阳太缓慢太简单的喜欢大太阳就要落山阵雨过了心情会变好微风带着一点点的凉头发遮住眉毛醒着的美好从小到老大太阳有希望有歌唱的地方大太阳太缓慢太简单的喜欢大太阳就要落山知道不知道拥抱不拥抱想也不去想走了又离开离开又回来感慨着现在大太阳有希望有歌唱的地方大太阳太缓慢太简单的喜欢大太阳就要落山大太阳
40,40,满座,https://music.163.com/song?id=400074326,擦掉桌面上积下的灰对是非也没多说几嘴都以为看懂了真伪能把握发火和颓废年轻再疯狂都不为过出走几次也有处可躲带着自卑讨着生活庆幸没有无事可做要跟自己认错话不多一句就忐忑一手操办落魄理想没破有时候也渴望停泊在一个住所一生未必会满座都曾经来过闭着眼的床很暖和被几首歌勒索忍不住泪想过很多一生未必会满座看惯了离合今日碰面都不摆手昨天情合意投人生应该有的蹉跎我们向右偏左的坠落琢磨着寻求自我连带爱人亲友你我都包括年轻再疯狂都不为过出走几次也有处可躲带着自卑讨着生活庆幸没有无事可做要跟自己认错话不多一句就忐忑一手操办落魄理想没破有时候也渴望停泊在一个住所一生未必会满座都曾经来过闭着眼的床很暖和被几首歌勒索忍不住泪想过很多一生未必会满座看惯了离合今日碰面都不摆手昨天情合意投人生应该有的蹉跎我们向右偏左的坠落琢磨着寻求自我连带爱人亲友你我都包括一生未必会满座都曾经来过闭着眼的床很暖和被几首歌勒索忍不住泪想过很多一生未必会满座看惯了离合今日碰面都不摆手昨天情合意投人生应该有的蹉跎我们向右偏左的坠落琢磨着寻求自我连带爱人亲友你我都包括
41,41,野生动物,https://music.163.com/song?id=399343968,黄伟文欲望的魔都高冷的建筑你像个蝙蝠划过成一道弧万千个窗户半开着盼顾看谁的饥渴谁又先管不住等待着追捕等待被追捕寂寞的爪牙每夜的节目粉身碎骨你以毒攻毒在爱情面前我们都不服一直为幸福辛苦倒不如做野生动物你把谁你让谁抓住驯服有多兴奋一吻也结束所谓的深爱或孤独不过是激素原始的投入凶猛的输出你开始怀疑爱对谁有好处快乐地为奴卑下地做主为什么到最后都在地上哭骄傲的老虎多情的驯鹿冷血的猎人标本放满屋我们又何故清白都玷污只为几方寸微暖的皮肤一直为幸福辛苦倒不如做野生动物你把谁你让谁抓住驯服有多兴奋一吻也结束所谓的深爱或孤独不过是激素重复着重复着抓住驯服有多兴奋一吻也结束所谓的陷阱和归宿早血肉模糊
42,42,行走的力量,https://music.163.com/song?id=32317482,陈坤顺着光我向前看面对在自己对岸这世界从一开始本没有所谓胜出和投降这力量谁找得到行走在我的地方有时说谎和原谅也许都来自它的方向逆着风才能飞去的地方在哪忘了自己看世界也未必复杂难道失败就真的一无是处吗若然有时找不到倔强你不妨跟随我一起唱喔噢喔噢喔噢喔噢喔噢喔噢这力量谁找得到行走在我的地方有时说谎和原谅也许都来自它的方向逆着风才能飞去的地方在哪忘了自己看世界也未必复杂难道失败就真的一无是处吗若然有时找不到倔强你不妨跟随我一起唱喔噢喔噢喔噢喔噢喔噢喔噢喔噢喔噢喔噢喔噢喔噢喔噢喔噢喔噢喔噢
43,43,宛若新生,https://music.163.com/song?id=400075096,亽玍冭迷惘宛若新生珍妮怎样创造的话题按下了岁月暂停繁忙也算个生命更新换代的美丽还好还有些自信还好还有个曾经二十五岁的风景有人唱给你听未来的人的步调过去的好的微笑一个人会太无聊两个人又太奇妙好像没什么烦恼比现在还要更好毕竟不是颗小草没花儿香没树高宛若新生的五光十色要发光发热年轻的宛若新生的常被激活朝气太蓬勃太炙热未来的人的步调过去的好的微笑一个人会太无聊两个人又太奇妙好像没什么烦恼比现在还要更好毕竟不是颗小草没花儿香没树高宛若新生的五光十色要发光发热年轻的宛若新生的常被激活朝气太蓬勃太炙热宛若新生的五光十色要发光发热年轻的宛若新生的常被激活朝气太蓬勃太炙热宛若新生的是你是我有没有姿色有资格宛若新生的才是风格宛若新生的是独特宛若新生的是你是我有没有姿色有资格宛若新生的才是风格宛若新生的是独特
44,44,不将就,https://music.163.com/song?id=31654343,黄伟文然和声鼓荒井壮一郎弦乐国际首席爱乐乐团弦乐写陈迪混室一样乐工室混师曹飞乐监制乐视乐那时候我以为爱的是生活也算懂得什么适合什么不可最近还是一样努力着配合你的性格你的追求者你的坎坷我开的车算一算虚度了多少个年头彷佛足够写一套错爱的春秋如果以后你还想为谁浪费美好时候眼泪只能在我的胸膛毫无保留互相折磨到白头悲伤坚决不放手开始纠缠之后才又被人放大了自由你的暴烈太温柔感情又痛又享受如果我说不吻你不罢休谁能逼我将就你问我为什么顽固而专一天下太大总有人比你更合适其实我觉得这样不值可没选择方式你一出场别人都显得不过如此互相折磨到白头悲伤坚决不放手开始纠缠之后才又被人放大了自由你的暴烈太温柔感情又痛又享受如果我说不吻你不罢休谁能逼我将就不吻你不罢休谁能逼我将就互相折磨到白头悲伤坚决不放手开始纠缠之后才又被人放大了自由你的暴烈太温柔感情又痛又享受如果我说不吻你不罢休谁能逼我将就们不过将就
45,45,喜剧之王,https://music.163.com/song?id=29764560,黄伟文制人贝司鼓荒井壮一郎和声师混师曹飞室混室一样乐室爱贝克思股份有限公司我看着颗猕猴桃眼泪突然被引爆我可不是可不是特别爱闹这叫做这叫做心灵感召不信你问清照我天生不爱炫耀却太多艺术细胞我谈的情拍的拖也许很少中的枪挨的刀受的煎熬华丽得无法低调为什么全世界的恋我都失一遍为所有的悲剧当特约演员我伤得断肠我哭得夸张像一套港产片为何普天下的泪我先流一遍市面上的纸巾都由我代言站在我旁边你不算可怜这也是种贡献被分手的那一秒我疯狂往海边跑你有什么资格说我很无聊你那次淋着雨失控咆哮廉价小说那一套小说那一套为什么全世界的恋我都失一遍为所有的悲剧当特约演员我伤得断肠我哭得夸张像一套港产片为何普天下的泪我先流一遍市面上的纸巾都由我代言站在我旁边你不算可怜这也是种贡献啦啦啦啦啦啦啦啦啦啦啦啦啦啦啦啦啦啦啦啦啦啦啦啦啦啦啦啦啦啦啦啦啦啦啦啦啦啦啦啦啦啦啦啦啦啦啦啦啦啦啦每一天都活在电影里面每一天都活在小说里面每一天都活在歌里面每一天都活在里面这世界本来就是场真人秀表演实在难避免幕揭开全世界的恋我都失一遍为所有的悲剧当特约演员我伤得断肠我哭得夸张只为了红几年
46,46,落俗,https://music.163.com/song?id=29764561,到现在我还乳臭未干感情处理的都很难堪总会纠结感动欣喜若欢怕痛怕不安最后答案确定为不管过去我确实不怎么样现在也没有多好多强有时为了生活性格变差变坏变混蛋有时也想找个伴分摊唱情歌落俗说爱又太苦想表达态度又搞的你要退出创造好幸福原来是一个人孤独现在醒悟现在这样哭现在爱看下午的太阳开始考虑还能活多长有些废话还是要和你讲讲完自己扛不爱了是为身心健康唱情歌落俗说爱又太苦想表达态度又搞的你要退出创造好幸福原来是一个人孤独现在醒悟现在这样哭唱情歌落俗说爱又太苦想表达态度又搞的你要退出创造好幸福原来是一个人孤独现在醒悟现在这样哭
47,47,作曲家,https://music.163.com/song?id=29764562,又很久没见你剪了长发谈怎么说话谈怎么启发怕歌写的肉麻怕浮夸放一盘磁带七八十年代才听了一半就悲伤起来每一句里的感慨都是现在家写一首我们一生最平凡的歌家告诉你爱的人你多真多深刻家我还是你多年未见的老友啊而你还是不太明白孤独是个节拍符不会写写歌是感觉看几眼世界多几个头衔理论书上的观点有缺陷颁一个奖牌说一段对白不谈情说爱也尽量精彩没几个人生下来不是天才家写一首我们一生最平凡的歌家告诉你爱的人你多真多深刻家我还是你多年未见的老友啊而你还是不太明白孤独是个节拍家写一首我们一生最平凡的歌家告诉你爱的人你多真多深刻家我还是你多年未见的老友啊而你还是不太明白孤独是个节拍
48,48,不搭,https://music.163.com/song?id=29764563,还没明白怎么最自在怎么样算失态是不是串错了鞋带几年下来都没有名牌没好开口表白故事梗概是两小无猜一个故气派看另一个置身事外走也分开会显得见外朋友一起用手机自拍也躲后几排们说的失败叫苦苦等待破坏也不愿表态现在这样看来行为太古怪用一个镜头留下感慨没姿势可以摆伴随我这样好吗虽然不搭目前还谈不上牵挂也不要路人甲的对话刻意摆弄头发伴随你这样好吗别说不搭可以总是重复问话最近好吗话题都关于无伤风雅谁爱跟我相爱谁都不搭还没明白怎么最自在怎么样算失态是不是串错了鞋带几年下来都没有名牌没好开口表白故事梗概是两小无猜一个故气派看另一个置身事外走也分开会显得见外朋友一起用手机自拍也躲后几排们说的失败叫苦苦等待破坏也不愿表态现在这样看来行为太古怪用一个镜头留下感慨没姿势可以摆伴随我这样好吗虽然不搭目前还谈不上牵挂也不要路人甲的对话刻意摆弄头发伴随你这样好吗别说不搭可以总是重复问话最近好吗话题都关于无伤风雅谁爱跟我相爱谁都不搭都不搭伴随我这样好吗虽然不搭目前还谈不上牵挂也不要路人甲的对话刻意摆弄头发伴随你这样好吗别说不搭可以总是重复问话最近好吗话题都关于无伤风雅谁爱跟我相爱谁都不搭
49,49,自拍,https://music.163.com/song?id=29764564,有几片云的晴空除了感动还有微风我的爱人走了很久天气不热听着歌几个背包一台旧车我的世界量不多自拍的拍拍到世外自拍的拍拍到发呆前面阳光正面照过来眼睛也不愿意睁开一生无非几个欢笑悲哀和爱你的女孩看了几遍人生的指南我还是选择没姿态目前最有趣的等待是未来有几片云的晴空除了感动还有微风我的爱人走了很久天气不热听着歌几个背包一台旧车我的世界量不多自拍的拍拍到世外自拍的拍拍到发呆前面阳光正面照过来眼睛也不愿意睁开一生无非几个欢笑悲哀和爱你的女孩看了几遍人生的指南我还是选择没姿态目前最有趣的等待是未来前面阳光正面照过来眼睛也不愿意睁开一生无非几个欢笑悲哀和爱你的女孩看了几遍人生的指南我还是选择没姿态目前最有趣的等待前面阳光正面照过来眼睛也不愿意睁开一生无非几个欢笑悲哀和爱你的女孩看了几遍人生的指南我还是选择没姿态目前最有趣的等待前面阳光正面照过来眼睛也不愿意睁开一生无非几个欢笑悲哀
50,50,哎呀,https://music.163.com/song?id=29764565,阳光暖和眼睛眯着我用手指拨开了一束热热的相濡以沫后的你我刻意把幸福放慢一步再慢一步你说的对不对我都无所谓就只是因为看你一会再找个时间这样依偎手的另一边伸给你牵向南向北我都情愿怪只能怪这光太美我说哎呀再过十年我们还是过着今天我说哎呀一起失眠再一起流泪同喝一杯水再依依不舍一起入睡你说的对不对我都无所谓就只是因为看你一会再找个时间这样依偎手的另一边伸给你牵向南向北我都情愿怪只能怪这光太美我说哎呀再过十年我们还是过着今天我说哎呀一起失眠再一起流泪同喝一杯水再依依不舍一起入睡同喝一杯水依依不舍入睡
51,51,快让我在雪地上撒点儿野,https://music.163.com/song?id=29764566,崔健崔健我光着膀子我迎着风雪跑在那逃出医院的道路上别拦着我也不要衣裳因为我的病就是没有感觉给我点儿肉给我点儿血换掉我的志如钢毅如铁快让我哭快让我笑快让我在雪地上撒点儿野因为我的病就是没有感觉快让我在雪地上撒点儿野因为我的病就是没有感觉快让我在雪地上撒点儿野我没穿着衣裳也没穿着鞋却感觉不到西北风的强和烈不知走着还是跑着因为我的病就是没有感觉给我点儿刺激大夫老爷给我点儿爱我的护士姐姐快让我哭要么让我笑快让我在雪地上撒点儿野因为我的病就是没有感觉快让我在雪地上撒点儿野因为我的病就是没有感觉快让我在雪地上撒点儿野
52,52,男女,https://music.163.com/song?id=29764567,走了段不近的路学着看你看的书看着你进进出出帮你熨我的衣服坐在沙发看日出感觉上会更投入下午为你选了件礼物待在家里的情怀像是看别人表白不用结巴或打扮嘴角也会笑起来习惯这样躺下来没有习惯说晚安因为说了就不太习惯这座城市这故事部分男女都如此多少灯亮到现在欢笑眼泪也都在几次分开说出来却离不开或多或少也都是爱待在家里的情怀像是看别人表白不用结巴或打扮嘴角也会笑起来习惯这样躺下来没有习惯说晚安因为说了就不太习惯这座城市这故事部分男女都如此多少灯亮到现在欢笑眼泪也都在几次分开说出来却离不开或多或少也都是爱多少灯亮到现在欢笑眼泪也都在几次分开说出来却离不开或多或少也都是爱
53,53,天生,https://music.163.com/song?id=29764568,周耀辉只要有翅膀就可以飞翔我们有思想也应该流浪雪月风花过几场谁闻到千里香种子有土地就可以成长我们有嘴巴也可以歌唱谁又对谁说过谎曾经有多辉煌就算天生一对也有是非错对在什么时候爱都不是犯罪就算得失成败也有颠倒黑白什么才是我们的形态这天生就明亮的海洋谁负责欣赏当城市偶然得到太阳还建造围墙每个人努力漂亮活的有希望天生这一副模样有没有被天养也都无关痛痒有太多文章一触就发亮有太少快乐一直到死亡连感觉都不正常一天比一年长就算天生一对也有是非错对在什么时候爱都不是犯罪就算得失成败也有颠倒黑白什么才是我们的形态这天生就明亮的海洋谁负责欣赏当城市偶然得到太阳还建造围墙每个人努力漂亮活的有希望天生这一副模样有没有被天养也都无关痛痒当时间已经变成过场我只能坚强当时代开始习惯失望我只能遗忘每个人努力漂亮活的有希望天生这一副模样有没有被天养也都无关痛痒
54,54,二三十,https://music.163.com/song?id=29764569,邮递的工人儿科的医生几个开旅馆的人园丁喝的茶理发师的话修鞋匠的家没想过伟大二三十岁的人傍晚黄昏还等对的人醉的好坏不分哭的大声记着青春二三十岁的人奋不顾身微笑着成人回头看了看路程航海去了哪主爱的还有个别家我们都很好没觉得无聊天气那么好没想过会老二三十岁的人傍晚黄昏还等对的人醉的好坏不分哭的大声记着青春二三十岁的人奋不顾身微笑着成人回头看了看路程有些快要想不起来的人吧那些就是已经过去了的年华二三十岁的人傍晚黄昏还等对的人醉的好坏不分哭的大声记着青春二三十岁的人奋不顾身微笑着成人回头看了看路程
55,55,不搭,https://music.163.com/song?id=29755057,还没明白怎么最自在怎么样算失态是不是串错了鞋带几年下来都没有名牌没好开口表白故事梗概是两小无猜一个故气派看另一个置身事外走也分开会显得见外朋友一起用手机自拍也躲后几排们说的失败叫苦苦等待破坏也不愿表态现在这样看来行为太古怪用一个镜头留下感慨没姿势可以摆伴随我这样好吗虽然不搭目前还谈不上牵挂也不要路人甲的对话刻意摆弄头发伴随你这样好吗别说不搭可以总是重复问话最近好吗话题都关于无伤风雅谁爱跟我相爱谁都不搭还没明白怎么最自在怎么样算失态是不是串错了鞋带几年下来都没有名牌没好开口表白故事梗概是两小无猜一个故气派看另一个置身事外走也分开会显得见外朋友一起用手机自拍也躲后几排们说的失败叫苦苦等待破坏也不愿表态现在这样看来行为太古怪用一个镜头留下感慨没姿势可以摆伴随我这样好吗虽然不搭目前还谈不上牵挂也不要路人甲的对话刻意摆弄头发伴随你这样好吗别说不搭可以总是重复问话最近好吗话题都关于无伤风雅谁爱跟我相爱谁都不搭都不搭伴随我这样好吗虽然不搭目前还谈不上牵挂也不要路人甲的对话刻意摆弄头发伴随你这样好吗别说不搭可以总是重复问话最近好吗话题都关于无伤风雅谁爱跟我相爱谁都不搭
56,56,喜剧之王,https://music.163.com/song?id=29710981,黄伟文我看着颗猕猴桃眼泪突然被引爆我可不是可不是特别爱闹这叫做这叫做心灵感召不信你问清照我天生不爱炫耀却太多艺术细胞我谈的情拍的拖也许很少中的枪捱的刀受的煎熬华丽得无法低调为什么全世界的恋我都失一遍为所有的悲剧当特约演员我伤得断肠我哭得夸张像一套港产片为何普天下的泪我先流一遍市面上的纸巾都由我代言站在我旁边你不算可怜这也是种贡献被分手的那一秒我疯狂往海边跑你有什么资格说我很无聊你那次淋着雨失控咆哮廉价小说那一套为什么全世界的恋我都失一遍为所有的悲剧当特约演员我伤得断肠我哭得夸张像一套港产片为何普天下的泪我先流一遍市面上的纸巾都由我代言站在我旁边你不算可怜这也是种贡献啦啦啦啦啦啦啦啦啦啦啦每一天都活在电影里面每一天都活在小说里面每一天都活在歌里面每一天都活在里面这世界本来就是场真人秀表演实在难避免幕揭开全世界的恋我都失一遍为所有的悲剧当特约演员我伤得断肠我哭得夸张只为了红几年
57,57,作曲家,https://music.163.com/song?id=28310559,又很久没见你剪了长发谈怎么说话谈怎么启发怕歌写的肉麻怕浮夸放一盘磁带七八十年代才听了一半就悲伤起来每一句里的感慨都是现在家写一首我们一生最平凡的歌家告诉你爱的人你多真多深刻家我还是你多年未见的老友啊而你还是不太明白孤独是个节拍符不会写写歌是感觉看几眼世界多几个头衔理论书上的观点有缺陷颁一个奖牌说一段对白不谈情说爱也尽量精彩没几个人生下来不是天才家写一首我们一生最平凡的歌家告诉你爱的人你多真多深刻家我还是你多年未见的老友啊而你还是不太明白孤独是个节拍家写一首我们一生最平凡的歌家告诉你爱的人你多真多深刻家我还是你多年未见的老友啊而你还是不太明白孤独是个节拍
58,58,哎呀,https://music.163.com/song?id=28310560,阳光暖和眼睛眯着我用手指拨开了一束热热的相濡以沫后的你我刻意把幸福放慢一步再慢一步你说的对不对我都无所谓就只是因为看你一会再找个时间这样依偎手的另一边伸给你牵向南向北我都情愿怪只能怪这光太美我说哎呀再过十年我们还是过着今天我说哎呀一起失眠再一起流泪同喝一杯水再依依不舍一起入睡你说的对不对我都无所谓就只是因为看你一会再找个时间这样依偎手的另一边伸给你牵向南向北我都情愿怪只能怪这光太美我说哎呀再过十年我们还是过着今天我说哎呀一起失眠再一起流泪同喝一杯水再依依不舍一起入睡同喝一杯水依依不舍入睡
59,59,李白,https://music.163.com/song?id=27678655,大部分人要我学习去看世俗的眼光我认真学习了世俗眼光世俗到天亮一部外国电影没听懂一句话看完结局才是笑话你看我多乖多聪明多么听话多奸诈喝了几大碗米酒再离开是为了模仿一出门不小心吐的那幅是谁的书画你一天一口一个亲爱的对方多么不流行的模样都应该练练书法再出门闯荡才会有人热情买账要是能重来我要选白几百年前做的好坏没那么多人猜要是能重来我要选白至少我还能写写诗来澎湃逗逗女孩要是能重来我要选白创也能到那么高端被那么多人崇拜要是能重来喝了几大碗米酒再离开是为了模仿一出门不小心吐的那幅是谁的书画你一天一口一个亲爱的对方多么不流行的模样都应该练练书法再出门闯荡才会有人热情买账要是能重来我要选白几百年前做的好坏没那么多人猜要是能重来我要选白至少我还能写写诗来澎湃逗逗女孩要是能重来我要选白创也能到那么高端被那么多人崇拜要是能重来要是能重来我要选白几百年前做的好坏没那么多人猜要是能重来我要选白至少我还能写写诗来澎湃逗逗女孩要是能重来我要选白创也能到那么高端被那么多人崇拜要是能重来
60,60,模特,https://music.163.com/song?id=27731176,深海少女周耀辉穿华丽的服装为原始的渴望而站着用完美的表情为脆弱的城市而撑着我冷漠的接受你焦急的等待也困着像无数生存在橱窗里的模特除了灯以外我还能看见什么除了光以外我还能要求什么除了你以外还能倚赖哪一个在千里以外在呼喊的是什么在百年以后想回忆的是什么在离开以前能否再见那一刻记得你的眼睛将会亮着我的手臂将会挥着谁说世界早已没有选择趁着我会喜怒你会哀乐唱几分钟情歌没什么至少证明我们还活着像单纯的蝴蝶为玫瑰的甜美而飞着像顽皮的小猫为明天的好奇而睡着是混乱的时代是透明的监狱也觉得是不能继续在橱窗里做模特除了风以外我还能听到什么除了尘以外我还能拒绝什么除了你以外还能倚赖哪一个在千里以外在呼喊的是什么在百年以后想回忆的是什么在离开以前能否再见那一刻记得你的眼睛将会亮着我的手臂将会挥着谁说世界早已没有选择趁着我会喜怒你会哀乐唱几分钟情歌没什么至少证明我们还活着记得你的眼睛将会亮着我的手臂将会挥着谁说世界早已没有选择趁着我会喜怒你会哀乐唱几分钟情歌没什么至少证明我们还活着
61,61,两个人,https://music.163.com/song?id=27731175,我不会说话不是哑巴不善于表达看起来你脾气很大动不动就别过吧怎么都不生气你问了我几句我说我是男子汉其实我不知道就是这样两个人就是那两个眼里没别人的人一起吃晚餐也只能看缘分现在夜都已那么深你那里还会不会冷我在等你短信说你又讨厌了谁们这样两个人就是一个人喜欢另一个人就算让我等也别说的太认真两个人一天很累都还没睡现在也没有成一对一个写歌一个很美这首歌我想要你学会你脾气很大动不动就别过吧怎么都不生气你问了我几句我说我是男子汉其实我不知道就是这样两个人就是那两个眼里没别人的人一起吃晚餐也只能看缘分现在夜都已那么深你那里还会不会冷我在等你短信说你又讨厌了谁们这样两个人就是一个人喜欢另一个人就算让我等也别说的太认真两个人一天很累都还没睡现在也没有成一对这首歌我想你学会你感不感动我都为你写
62,62,太坦白,https://music.163.com/song?id=27731177,再过一下天空就要变成红色看着太阳一点点还剩下半个那种感觉还在不在我也快颠倒了黑白面向左边已看不到你在喝啤酒不是因为争吵了过后切蛋糕不是因为你的生日刚过只是记忆空了一块你怎么还不来涂改我以为你能把这变更精彩你不要说话太坦白搞的我心里好悲哀再不怎么样好歹也是一场爱你不要说话太坦白没有谁真的离不开现在我就要把自己找回来喝啤酒不是因为争吵了过后切蛋糕不是因为你的生日刚过只是记忆空了一块你怎么还不来涂改我以为你能把这变更精彩你不要说话太坦白搞的我心里好悲哀再不怎么样好歹也是一场爱你不要说话太坦白没有谁真的离不开现在我就要把自己找回来你的好我知道我喜欢你微笑别再流泪让我看到让我看到让我看到你不要说话太坦白搞的我心里好悲哀再不怎么样好歹也是一场爱你不要说话太坦白没有谁真的离不开现在我就要把自己找回来
63,63,老伴,https://music.163.com/song?id=27731174,周耀辉谁陪我做执迷的鲸鱼在人海中游来游去说自己的言语谁陪我建永恒的故居在岁月中跑来跑去太容易疲倦一转身可以归去我要找的一种感觉叫属于有没有春花秋月夏蝉冬雪不会散去有没有一关上门一躺下来不再离去有没有爱看的天爱踏的地我爱着的你陪我美丽的老去是否按着时代的规律在奔波中甚么不是一霎那的玩具是否还有永恒的老在岁月中就算最后只能够沉默一辈子没有恐惧我要找的一种感觉叫属于有没有春花秋月夏蝉冬雪不会散去有没有一关上门一躺下来不再离去有没有爱看的天爱踏的地我爱着的你陪我美丽的老去谁叫我很青春谁叫我笑只有你能叫我不怕老去有一天春花秋月夏蝉冬雪不会散去有一天一关上门一躺下来不再离去有一天爱看的天爱踏的地我爱着的你陪我美丽的老去
64,64,演员和歌手,https://music.163.com/song?id=27731178,一扇门一盏灯继续看没有看完的剧本快尾声剧太温谁用文言文哀悼谁怎么牺牲陈翻阅过的生活愤怒发呆叙述沉默啰嗦滴上了纸的墨积雪的窝蚂蚁没觉得不妥合一杯水多清澈记得一切是错自卑流泪是正果什么最不独特什么事深刻流离浪荡演戏唱歌演员和歌手换了镜头扔掉了麦克风陈演员和歌手这戏台没分左右陈演员和歌手这样的年头这样的年头说理想没够说理想没够也不是秀合学文艺戏里男人说的自由们始终还学得不好还不够陈一首歌在附和没想学着只是听的太多刚副歌就结果没有安宁没有爱却多了选择又摆酒又奔波又祝贺我又接济了娱乐生了根分了神天真演的婀娜也可以诚恳合一杯水多清澈记得一切是错自卑流泪是正果什么最不独特什么事深刻流离浪荡演戏唱歌陈演员和歌手换了镜头扔掉了麦克风演员和歌手这戏台没分左右陈演员和歌手这样的年头这样的年头说理想没够说理想没够也不是秀合学文艺戏里男人说的自由合演员和歌手演好个角色唱首好歌演员和歌手不讨好内心的自我演员和歌手慢几步迟到追丢了自嘲模糊了对焦伸手示意友好在几楼微笑太可爱会不会是病了的征兆
65,65,都一样,https://music.163.com/song?id=27731172,亚多和声弦乐写弦乐世界爱乐乐团首席小提琴鹏等鼓荒井壮一郎混师曹飞混室一样乐室二月天冲淡河岸边的纹线还有那只褪色帆布鞋都以为结束也会很美都以为不会我们俩独自游走路边两旁原来的我们不是这样拍张照纪念这个地方没有内容的微笑安静听你说话日落下的篱笆简单道别回答转过身的两个人都放不下都一样受了伤都好像要陌生了对方路走完泪未干左手牵着右手都不放都一样改不掉听我的歌流泪的习惯越勇敢就越孤单这情歌再甜再悲伤也让我最后为你唱琴声刚起就红了眼眶冷了心房我们俩独自游走路边两旁原来的我们不是这样拍张照纪念这个地方没有内容的微笑安静听你说话日落下的篱笆简单道别回答转过身的两个人都放不下都一样受了伤都好像要陌生了对方路走完泪未干左手牵着右手都不放都一样改不掉听我的歌流泪的习惯越勇敢就越孤单这情歌再甜再悲伤也让我最后为你唱琴声刚起就红了眼眶都一样改不掉听我的歌流泪的习惯越勇敢就越孤单这情歌再甜再悲伤也让我最后为你唱琴声刚起就红了眼眶冷了心房都一样
66,66,有一个姑娘,https://music.163.com/song?id=27731179,正帆琼瑶有一个姑娘她有一些任性她还有一些嚣张有一个姑娘她有一些叛逆她还有一些疯狂那个姑娘啊是那个姑娘呀你就是这个姑娘有一个姑娘她有一些任性她还有一些嚣张有一个姑娘她有一些叛逆她还有一些疯狂那个姑娘啊是那个姑娘呀你就是这个姑娘整天嘻嘻哈哈看到风儿就起浪也曾迷迷糊糊大祸小祸一起闯还曾山山水水敢爱敢恨走四方整天嘻嘻哈哈看到风儿就起浪也曾迷迷糊糊大祸小祸一起闯还曾山山水水敢爱敢恨走四方更曾轰轰烈烈拼死拼活爱一场你就是这个姑娘有一个姑娘她有一些任性她还有一些嚣张有一个姑娘她有一些叛逆她还有一些疯狂那个姑娘啊是那个姑娘呀你就是这个姑娘整天嘻嘻哈哈看到风儿就起浪也曾迷迷糊糊大祸小祸一起闯还曾山山水水敢爱敢恨走四方整天嘻嘻哈哈看到风儿就起浪也曾迷迷糊糊大祸小祸一起闯还曾山山水水敢爱敢恨走四方更曾轰轰烈烈拼死拼活爱一场还曾山山水水敢爱敢恨走四方整天嘻嘻哈哈看到风儿就起浪也曾迷迷糊糊大祸小祸一起闯还曾山山水水敢爱敢恨走四方更曾轰轰烈烈拼死拼活爱一场有一个姑娘她有一些任性她还有一些嚣张有一个姑娘她有一些叛逆她还有一些疯狂
67,67,蓝绿,https://music.163.com/song?id=27731173,不太喜欢游泳天热睡到中午起床会饿戴了黑色墨镜开车日子这么过去朋友那做客送本喜欢的小说蔚蓝蔚蓝的绿色趴在哪里都会热很绿很绿的蓝色不知道在唱什么蔚蓝蔚蓝的绿色换了心情也活着这不行那也不可严肃的好龌龊还是晒太阳好了邻居生的小孩像她日子过的不快不大有时候乱说话不好但歌生活也是随便说说其实我热爱游泳蔚蓝蔚蓝的绿色趴在哪里都会热很绿很绿的蓝色不知道在唱什么蔚蓝蔚蓝的绿色换了心情也活着这不行那也不可严肃的好龌龊还是晒太阳好了蔚蓝蔚蓝的绿色趴在哪里都会热很绿很绿的蓝色不知道在唱什么蔚蓝蔚蓝的绿色换了心情也活着这不行那也不可严肃的好龌龊还是晒太阳好了蔚蓝蔚蓝的绿色趴在哪里都会热很绿很绿的蓝色不知道在唱什么蔚蓝蔚蓝的绿色
68,68,拜拜,https://music.163.com/song?id=27731171,拜拜带不走的时间尘埃灿烂后的慢慢腐坏看自己的异想天开骄傲的好气派多天才岁月刻意下的姿态脸颊胡须都被安排也有伟人欣赏不来未来看着未来过去现在拜拜拜拜拜拜拜拜记忆筛选素材情感寻附依赖飞不过脑海随机淘汰丢掉的过去不必悲哀拜拜带不走的时间尘埃灿烂后的慢慢腐坏看自己的异想天开骄傲的好气派多天才岁月刻意下的姿态脸颊胡须都被安排也有伟人欣赏不来未来看着未来过去现在拜拜拜拜拜拜拜拜记忆筛选素材情感寻附依赖飞不过脑海随机淘汰丢掉的过去不必悲哀拜拜重来重来拜拜拜拜拜拜拜拜多渺小的存在多荒唐的无奈谁的勇敢被岁月掩埋不完美表演的太精彩拜拜多自在拜拜拜拜拜拜拜拜拜拜拜拜拜拜拜拜拜拜拜拜拜拜拜拜拜拜拜拜拜拜拜拜拜拜拜拜拜拜拜拜拜拜拜拜拜拜拜拜拜拜拜拜拜拜拜拜
69,69,老街,https://music.163.com/song?id=133998,一张褪色的照片好像带给我一点点怀念巷尾老爷爷卖的热汤面味道弥漫过旧旧的后院流浪猫睡熟在摇晃秋千夕阳照了一遍眯着眼那张同桌寄的明信片安静的躺在课桌的里面快要过完的春天还有雕刻着图案的门帘窄窄的长长的过道两边老房子依然升起了炊烟刚刚下完了小雨的季节爸妈又一起走过的老街记不得哪年的哪一天很漫长又很短暂的岁月现在已经回不去早已流逝的光阴手里的那一张渐渐模糊不清的车票成了回忆的信号忘不掉的是什么我也不知道想不起当年模样看也看不到去也去不了的地方也许那老街的腔调是属于我的忧伤嘴角那点微笑越来越勉强忘不掉的是什么我也不知道放不下熟悉片段回头望一眼已经很多年的时间透过手指间看着天我又回到那老街靠在你们身边渐行渐远快要过完的春天还有雕刻着图案的门帘窄窄的长长的过道两边老房子依然升起了炊烟刚刚下完了小雨的季节爸妈又一起走过的老街记不得哪年的哪一天很漫长又很短暂的岁月现在已经回不去早已流逝的光阴手里的那一张渐渐模糊不清的车票成了回忆的信号忘不掉的是什么我也不知道想不起当年模样看也看不到去也去不了的地方也许那老街的腔调是属于我的忧伤嘴角那点微笑越来越勉强忘不掉的是什么我也不知道放不下熟悉片段回头望一眼已经很多年的时间透过手指间看着天我又回到那老街靠在你们身边渐行渐远
70,70,小黄,https://music.163.com/song?id=134000,蓝蓝的天空下清晨里慵懒的光刚刚睡着看上去在微笑的小黄阳光洒满的长长街道走了多久谁也不知道不停回望着走散的街角一个一个小黄流浪经过的地方每个地方都留下了欢笑或忧伤摇摇尾巴看一看前方一路寻找又一路躲藏也许能找回原本那个温暖过的家还有多久暖暖的手会再次抚摸着它的额头黄昏夕落在你身后也许它要的只有那么多到那时候没有伤痛再也不用这样望着天空星星在闪烁小黄在梦中仔细回想主人的酒窝看一看伤口往前走想家的小狗一个一个小黄流浪经过的地方每个地方都留下了欢笑或忧伤摇摇尾巴看一看前方一路寻找又一路躲藏也许能找回原本那个温暖过的家还有多久暖暖的手会再次抚摸着它的额头黄昏夕落在你身后也许它要的只有那么多到那时候没有伤痛再也不用这样望着天空星星在闪烁小黄在梦中仔细回想主人的酒窝看一看伤口往前走想家的小狗
